m,rep,opt_cost,greedy_cost,ratio
8,0,1.8279999999999998,1.8279999999999998,1.0
8,1,5.214,5.214,1.0
8,2,3.819,5.329000000000001,1.395391463733962
8,3,3.9579999999999997,4.355,1.1003031834259729
8,4,5.857,6.625,1.1311251493938876
8,5,3.808,3.808,1.0
8,6,4.683,4.683,1.0
8,7,4.548,5.963000000000001,1.3111257695690415
8,8,5.892,5.892,1.0
8,9,5.021,5.171,1.029874526986656
8,10,5.295,6.084,1.1490084985835693
8,11,4.141,4.141,1.0
8,12,5.41,5.850999999999999,1.0815157116451015
8,13,3.582,3.582,1.0
8,14,4.838,4.838,1.0
8,15,3.537,3.537,1.0
8,16,3.803,4.88,1.283197475677097
8,17,3.977,3.977,1.0
8,18,4.249,5.096,1.199341021416804
8,19,3.494,3.9370000000000003,1.1267887807670292
8,20,4.133,4.133,1.0
8,21,1.284,1.284,1.0
8,22,4.825,4.825,1.0
8,23,3.747,3.747,1.0
8,24,2.613,2.613,1.0
8,25,3.9530000000000003,3.953,0.9999999999999999
8,26,3.307,3.9490000000000003,1.1941336558814637
8,27,3.038,3.0380000000000003,1.0000000000000002
8,28,4.398,5.34,1.21418826739427
8,29,2.5060000000000002,2.798,1.1165203511572226
10,0,5.5600000000000005,5.5600000000000005,1.0
10,1,6.125,7.14,1.1657142857142857
10,2,4.284,5.345,1.2476657329598506
10,3,2.092,2.092,1.0
10,4,5.5,5.5,1.0
10,5,3.142,3.495,1.1123488224061109
10,6,4.934,5.439,1.102351033644102
10,7,3.7199999999999998,3.7199999999999998,1.0
10,8,2.86,3.5380000000000003,1.2370629370629371
10,9,3.682,3.6820000000000004,1.0000000000000002
10,10,6.214,6.214,1.0
10,11,2.787,2.904,1.0419806243272336
10,12,6.359,6.822,1.0728101902814908
10,13,1.634,1.634,1.0
10,14,6.5,8.120999999999999,1.249384615384615
10,15,4.27,4.27,1.0
10,16,2.052,2.052,1.0
10,17,3.7620000000000005,4.16,1.1057947900053162
10,18,3.266,3.266,1.0
10,19,3.662,4.941000000000001,1.3492626979792466
10,20,3.843,4.502,1.171480614103565
10,21,2.521,2.6999999999999997,1.0710035700119
10,22,3.457,3.457,1.0
10,23,5.147,5.904999999999999,1.1472702545171942
10,24,2.319,2.319,1.0
10,25,2.516,2.516,1.0
10,26,8.138,9.147,1.1239862374047678
10,27,3.77,3.77,1.0
10,28,3.7720000000000002,3.7720000000000002,1.0
10,29,5.915,6.454,1.0911242603550295
12,0,5.514,5.649000000000001,1.0244831338411318
12,1,2.664,2.6639999999999997,0.9999999999999998
12,2,3.985,3.9850000000000003,1.0000000000000002
12,3,5.9559999999999995,6.599,1.1079583613163198
12,4,4.654999999999999,5.541,1.1903329752953815
12,5,2.587,2.5869999999999997,0.9999999999999998
12,6,5.6770000000000005,7.5489999999999995,1.3297516293817155
12,7,4.734,5.564000000000001,1.1753274186734264
12,8,3.5589999999999997,3.559,1.0000000000000002
12,9,3.47,3.986,1.1487031700288184
12,10,3.6630000000000003,5.524,1.508053508053508
12,11,5.686999999999999,7.295999999999999,1.2829259715139794
12,12,4.303,5.300000000000001,1.231698814780386
12,13,4.071,4.696,1.1535249324490298
12,14,4.219,6.626,1.5705143398909693
12,15,5.909,5.909,1.0
12,16,3.731,3.7310000000000003,1.0000000000000002
12,17,4.539000000000001,5.362,1.181317470808548
12,18,5.499,6.3919999999999995,1.1623931623931623
12,19,4.355,4.9190000000000005,1.1295063145809414
12,20,5.1209999999999996,5.121,1.0000000000000002
12,21,3.8,5.386,1.4173684210526316
12,22,2.902,2.902,1.0
12,23,5.982,7.293,1.2191574724172518
12,24,7.014,7.526999999999999,1.0731394354148844
12,25,3.625,4.147,1.1440000000000001
12,26,4.555,5.7509999999999994,1.262568605927552
12,27,3.121,3.121,1.0
12,28,5.433,6.513,1.1987852015461071
12,29,3.443,4.158,1.2076677316293931
14,0,3.7860000000000005,3.7860000000000005,1.0
14,1,4.0040000000000004,4.014,1.0024975024975025
14,2,5.915,6.268000000000001,1.059678782755706
14,3,3.9909999999999997,3.991,1.0000000000000002
14,4,4.282,5.871999999999999,1.3713218122372721
14,5,4.236,4.9,1.156751652502361
14,6,4.622,5.478,1.1852012115967114
14,7,3.756,3.7560000000000002,1.0000000000000002
14,8,4.098,4.851,1.1837481698389458
14,9,5.933,7.718999999999999,1.3010281476487442
14,10,2.761,3.455,1.2513582035494386
14,11,5.788,7.414,1.28092605390463
14,12,3.298,3.96,1.2007277137659187
14,13,6.646999999999999,6.728,1.0121859485482172
14,14,5.987,5.987,1.0
14,15,3.43,3.43,1.0
14,16,3.644,3.644,1.0
14,17,4.544,5.417,1.1921214788732395
14,18,4.327,6.234,1.4407210538479316
14,19,4.27,4.27,1.0
14,20,5.625,6.259,1.1127111111111112
14,21,4.047000000000001,4.663,1.1522115147022485
14,22,4.813000000000001,6.522,1.355079991689175
14,23,5.718,7.017,1.227177334732424
14,24,3.153,3.153,1.0
14,25,3.218,3.976,1.235550031075202
14,26,3.8889999999999993,4.145,1.065826690665981
14,27,6.244,6.790000000000001,1.087443946188341
14,28,4.449,5.221,1.1735221398066982
14,29,4.896999999999999,5.524,1.1280375740249133
16,0,4.474,4.474,1.0
16,1,3.132,3.132,1.0
16,2,4.928,5.85,1.187094155844156
16,3,6.106,7.277,1.1917785784474288
16,4,6.274,6.273999999999999,0.9999999999999999
16,5,4.575,5.225,1.1420765027322404
16,6,5.301,5.623,1.0607432559894359
16,7,7.760000000000001,8.932,1.1510309278350515
16,8,3.8870000000000005,4.648,1.1957808078209413
16,9,3.298,3.298,1.0
16,10,3.2769999999999997,4.167,1.271589868782423
16,11,4.617000000000001,4.617,0.9999999999999998
16,12,4.333,5.921,1.3664897299792291
16,13,6.4910000000000005,7.186,1.1070713295331998
16,14,3.482,3.548,1.0189546237794371
16,15,6.045999999999999,6.791,1.1232219649354946
16,16,4.488,5.343,1.1905080213903743
16,17,5.366,5.529,1.0303764442787924
16,18,4.078,4.269,1.0468366846493378
16,19,5.056,5.079000000000001,1.0045490506329116
16,20,2.997,3.1910000000000003,1.0647313980647315
16,21,4.031,4.031000000000001,1.0000000000000002
16,22,3.401,4.0329999999999995,1.1858276977359599
16,23,4.86,4.859999999999999,0.9999999999999998
16,24,5.366,5.366,1.0
16,25,4.662,4.662,1.0
16,26,3.894,4.849,1.2452491011813045
16,27,5.083,6.714,1.320873499901633
16,28,4.836,5.244,1.0843672456575681
16,29,2.891,2.891,1.0
18,0,4.516,5.811999999999999,1.286979627989371
18,1,6.008,6.5569999999999995,1.0913781624500665
18,2,3.501,3.501,1.0
18,3,5.335,5.748,1.0774133083411435
18,4,4.923000000000001,4.923,0.9999999999999998
18,5,4.5809999999999995,6.029999999999999,1.3163064833005893
18,6,3.449,4.448,1.2896491736735287
18,7,4.532,5.125,1.130847308031774
18,8,5.359,5.679,1.0597126329539093
18,9,5.321,5.5489999999999995,1.042849088517196
18,10,4.74,5.598,1.181012658227848
18,11,3.7359999999999998,4.103,1.0982334047109208
18,12,5.2620000000000005,6.73,1.2789813759026987
18,13,5.5920000000000005,5.592,0.9999999999999999
18,14,5.256,5.256,1.0
18,15,6.01,6.1739999999999995,1.027287853577371
18,16,4.056,5.402,1.331854043392505
18,17,6.702999999999999,7.952999999999999,1.186483664031031
18,18,4.381,5.8260000000000005,1.3298333713763981
18,19,5.914999999999999,7.17,1.2121724429416738
18,20,4.827,5.5,1.1394240729231406
18,21,3.763,4.401,1.1695455753388253
18,22,4.043,4.138,1.0234974029186248
18,23,4.117,4.117,1.0
18,24,3.1950000000000003,3.936,1.2319248826291078
18,25,5.837,7.103,1.216892239163954
18,26,6.017999999999999,7.523999999999999,1.2502492522432702
18,27,4.130999999999999,4.131,1.0000000000000002
18,28,5.274,5.274,1.0
18,29,5.884,5.884,1.0
