n,d,rep,tree_dp_s,consistent,pruned_fraction
50,4,0,0.00044139999999970314,1,0.0
50,4,1,0.0004428829997777939,1,0.0
50,4,2,0.00041100600037680124,1,0.0
50,4,3,0.0004143010000916547,1,0.0
50,4,4,0.0004076209997947444,1,0.0
50,4,5,0.00036358500028654817,1,0.17
50,4,6,0.00037286899987520883,1,0.16
50,4,7,0.00036185299995850073,1,0.37
200,4,0,0.002004712000143627,1,0.0
200,4,1,0.0017487959999016311,1,0.0
200,4,2,0.0016436500000054366,1,0.17875
200,4,3,0.00127553899983468,1,0.4
200,4,4,0.0015631619999112445,1,0.18
200,4,5,0.0016128950001075282,1,0.0
200,4,6,0.0013921499999014486,1,0.28875
200,4,7,0.0012341870001364441,1,0.40625
1000,4,0,0.009130937000008998,1,0.17625
1000,4,1,0.007737025000096764,1,0.34775
1000,4,2,0.0100572309997915,1,0.0
1000,4,3,0.008782604000316496,1,0.17325
1000,4,4,0.009448003999750654,1,0.0
1000,4,5,0.009352021999802673,1,0.0
1000,4,6,0.00990249300002688,1,0.0
1000,4,7,0.009964383999886195,1,0.0
5000,4,0,0.05391020200022467,1,0.0
5000,4,1,0.1080189760000394,1,0.0
5000,4,2,0.03057763100014199,1,0.75
5000,4,3,0.05521193899994614,1,0.0
5000,4,4,0.10498149300019577,1,0.40505
5000,4,5,0.04796757100029936,1,0.175
5000,4,6,0.05070666399979018,1,0.0
5000,4,7,0.024585405999914656,0,1.0
50,8,0,0.0010880629997700453,1,0.2125
50,8,1,0.0012225810000927595,1,0.0825
50,8,2,0.0013098190001983312,1,0.085
50,8,3,0.0012369809996926051,1,0.085
50,8,4,0.0011636430003818532,1,0.255
50,8,5,0.0011610000001383014,1,0.1675
50,8,6,0.0013998320000609965,1,0.0
50,8,7,0.0009481759998379857,1,0.4125
200,8,0,0.005082935000245925,1,0.08875
200,8,1,0.003958258999773534,1,0.421875
200,8,2,0.004700923000200419,1,0.189375
200,8,3,0.004538673999832099,1,0.22625
200,8,4,0.005017698999836284,1,0.169375
200,8,5,0.004111185000056139,1,0.466875
200,8,6,0.00547408100010216,1,0.0
200,8,7,0.004387061000215908,1,0.210625
1000,8,0,0.02280635599981906,1,0.36225
1000,8,1,0.02700555000001259,1,0.086875
1000,8,2,0.026339469000049576,1,0.16825
1000,8,3,0.012508150000030582,0,1.0
1000,8,4,0.023123974000100134,1,0.358125
1000,8,5,0.02560195299975021,1,0.17125
1000,8,6,0.029181164000419813,1,0.09
1000,8,7,0.02898457400033294,1,0.0
5000,8,0,0.15656752300037624,1,0.0
5000,8,1,0.1479297820001193,1,0.08675
5000,8,2,0.11989615799984676,1,0.389125
5000,8,3,0.2198559359999308,1,0.0
5000,8,4,0.13879895600030068,1,0.201675
5000,8,5,0.15437856400012606,1,0.238225
5000,8,6,0.12902949799990893,1,0.3182
5000,8,7,0.15107973099975425,1,0.0877
50,12,0,0.0024489570000696403,1,0.20666666666666667
50,12,1,0.001945284999692376,1,0.5983333333333334
50,12,2,0.002341898999929981,1,0.26166666666666666
50,12,3,0.0020983710001019062,1,0.31166666666666665
50,12,4,0.0026293920000171056,1,0.13166666666666665
50,12,5,0.0023005580001154158,1,0.21166666666666667
50,12,6,0.002085241000258975,1,0.3516666666666667
50,12,7,0.002629032000186271,1,0.155
200,12,0,0.009992635999878985,1,0.18291666666666667
200,12,1,0.008688515999892843,1,0.2579166666666667
200,12,2,0.007181586000115203,1,0.5845833333333333
200,12,3,0.009844627999882505,1,0.20666666666666667
200,12,4,0.009801333999803319,1,0.21833333333333332
200,12,5,0.008692331000020204,1,0.30916666666666665
200,12,6,0.01047416500023246,1,0.058333333333333334
200,12,7,0.010412685000119382,1,0.058333333333333334
1000,12,0,0.06625957799997195,1,0.11633333333333333
1000,12,1,0.04382411799997499,1,0.4195833333333333
1000,12,2,0.055036880999978166,1,0.1735
1000,12,3,0.05350462499973219,1,0.19408333333333333
1000,12,4,0.10218530600013764,1,0.21875
1000,12,5,0.05088669899987508,1,0.3105
1000,12,6,0.04062048000014329,1,0.5785833333333333
1000,12,7,0.04870178200008013,1,0.25466666666666665
5000,12,0,0.22408862900010718,1,0.4887
5000,12,1,0.35766505800029336,1,0.11591666666666667
5000,12,2,0.24112029700017956,1,0.47255
5000,12,3,0.2896324880002794,1,0.0967
5000,12,4,0.26639238400002796,1,0.23213333333333333
5000,12,5,0.2540042999999059,1,0.29865
5000,12,6,0.277325645000019,1,0.17958333333333334
5000,12,7,0.2907170559997212,1,0.14435
