n,rep,bruteforce_s,tree_dp_s
6,0,0.000478325000131008,2.583800005595549e-05
6,1,0.0003280629998698714,7.411900014631101e-05
6,2,0.0004343800001151976,1.8536999959906098e-05
6,3,0.0003229359999750159,1.5271999927790603e-05
6,4,0.00031545400042887195,1.4271000054577598e-05
8,0,0.0033964620001825097,2.3134000002755783e-05
8,1,0.00356291699972644,2.611799982332741e-05
8,2,0.003487846999632893,2.4435999876004644e-05
8,3,0.003373277999799029,2.1641999865096295e-05
8,4,0.0036934290001227055,2.71400003839517e-05
10,0,0.032694678000098065,4.7730999995110324e-05
10,1,0.03237679999983811,6.767900003978866e-05
10,2,0.03272121700001662,5.527200028154766e-05
10,3,0.0319689500001914,5.138500000612112e-05
10,4,0.031865587000083906,4.4084999899496324e-05
12,0,0.3277681710001161,7.524100010414259e-05
12,1,0.33894564100000935,6.954200034670066e-05
12,2,0.3309312289998161,7.00939999660477e-05
12,3,0.32650816600016697,7.135499981814064e-05
12,4,0.33035208599994803,7.127500020942534e-05
13,0,0.9958024569996269,7.565100031570182e-05
13,1,1.009660385999723,7.439999990310753e-05
13,2,1.002701252999941,8.819900040180073e-05
13,3,0.9927772559999539,7.758400033708313e-05
13,4,1.002970116999677,7.660299979761476e-05
